fold_index,fold_id,repeat,split,algorithm,family,macro_f1,accuracy,cohen_kappa,recall_spruce_fir,recall_lodgepole_pine,recall_ponderosa_pine,recall_cottonwood_willow,recall_aspen,recall_douglas_fir,recall_krummholz,fit_time_sec,pred_time_sec,pred_latency_ms_per_1k
1,Rep1_Fold1,1,1,MajorityClass_ZeroRule,Trivial Baseline,0.09365,0.4876,0.0,0.0,1.0,0.0,0.0,0.0,0.0,0.0,0.0026,0.0006,0.0551
1,Rep1_Fold1,1,1,LogisticRegression,Linear/Probabilistic,0.522487,0.7271,0.55215,0.695283,0.809475,0.822764,0.382979,0.006098,0.250836,0.535411,4.2332,0.0107,1.0717
1,Rep1_Fold1,1,1,DecisionTree,Tree/Rule-based,0.732966,0.8131,0.699389,0.815414,0.836751,0.793496,0.617021,0.493902,0.665552,0.796034,0.7401,0.0122,1.2217
1,Rep1_Fold1,1,1,RandomForest,Ensemble,0.808743,0.8926,0.82537,0.871366,0.937244,0.918699,0.638298,0.439024,0.702341,0.855524,6.1083,0.2245,22.4545
1,Rep1_Fold1,1,1,LightGBM,Ensemble,0.821506,0.8981,0.834469,0.877948,0.939295,0.900813,0.638298,0.487805,0.749164,0.883853,12.0884,0.2367,23.6698
1,Rep1_Fold1,1,1,MLP,Neural/Kernel,0.753247,0.8512,0.758911,0.80746,0.912018,0.871545,0.574468,0.506098,0.588629,0.847025,22.8886,0.0431,4.3077
2,Rep1_Fold2,1,2,MajorityClass_ZeroRule,Trivial Baseline,0.09365,0.4876,0.0,0.0,1.0,0.0,0.0,0.0,0.0,0.0,0.0026,0.0,0.0
2,Rep1_Fold2,1,2,LogisticRegression,Linear/Probabilistic,0.542976,0.7211,0.541364,0.695557,0.796349,0.804878,0.510638,0.006098,0.247492,0.560907,3.3758,0.0117,1.1695
2,Rep1_Fold2,1,2,DecisionTree,Tree/Rule-based,0.730267,0.8201,0.711294,0.819528,0.844135,0.798374,0.553191,0.585366,0.688963,0.787535,0.6169,0.0174,1.7393
2,Rep1_Fold2,1,2,RandomForest,Ensemble,0.828696,0.8923,0.825146,0.878497,0.929245,0.892683,0.829787,0.47561,0.735786,0.858357,5.0175,0.0935,9.3462
2,Rep1_Fold2,1,2,LightGBM,Ensemble,0.610966,0.7773,0.645087,0.759462,0.830189,0.712195,0.425532,0.463415,0.561873,0.719547,12.0243,0.4425,44.2491
2,Rep1_Fold2,1,2,MLP,Neural/Kernel,0.776069,0.8555,0.766769,0.827208,0.902789,0.863415,0.638298,0.585366,0.598662,0.852691,29.2505,0.0566,5.6588
3,Rep1_Fold3,1,3,MajorityClass_ZeroRule,Trivial Baseline,0.09365,0.4876,0.0,0.0,1.0,0.0,0.0,0.0,0.0,0.0,0.0029,0.0,0.0
3,Rep1_Fold3,1,3,LogisticRegression,Linear/Probabilistic,0.524884,0.7236,0.545875,0.698025,0.803117,0.772727,0.510638,0.0,0.234114,0.580737,4.8624,0.0122,1.2213
3,Rep1_Fold3,1,3,DecisionTree,Tree/Rule-based,0.746434,0.8244,0.717993,0.830225,0.846801,0.803571,0.744681,0.533742,0.648829,0.784703,0.7571,0.0128,1.275
3,Rep1_Fold3,1,3,RandomForest,Ensemble,0.828671,0.8934,0.827217,0.882337,0.92781,0.917208,0.723404,0.521472,0.732441,0.82153,7.6622,0.2009,20.088
3,Rep1_Fold3,1,3,LightGBM,Ensemble,0.819295,0.8971,0.833252,0.884805,0.931296,0.915584,0.595745,0.521472,0.752508,0.855524,18.3682,0.3459,34.5946
3,Rep1_Fold3,1,3,MLP,Neural/Kernel,0.770893,0.8569,0.768646,0.843116,0.897457,0.852273,0.702128,0.515337,0.608696,0.835694,34.3508,0.0456,4.5557
4,Rep1_Fold4,1,4,MajorityClass_ZeroRule,Trivial Baseline,0.09365,0.4876,0.0,0.0,1.0,0.0,0.0,0.0,0.0,0.0,0.0036,0.0,0.0
4,Rep1_Fold4,1,4,LogisticRegression,Linear/Probabilistic,0.535771,0.7217,0.544219,0.702962,0.789377,0.827922,0.510638,0.0,0.240803,0.563739,4.2349,0.0105,1.0515
4,Rep1_Fold4,1,4,DecisionTree,Tree/Rule-based,0.738471,0.809,0.693683,0.807735,0.830189,0.819805,0.723404,0.509202,0.608696,0.830028,0.7485,0.0122,1.2205
4,Rep1_Fold4,1,4,RandomForest,Ensemble,0.827516,0.8872,0.817121,0.866155,0.926169,0.918831,0.851064,0.441718,0.705686,0.875354,7.4969,0.2029,20.2878
4,Rep1_Fold4,1,4,LightGBM,Ensemble,0.846965,0.8942,0.8289,0.880143,0.923093,0.904221,0.893617,0.484663,0.772575,0.915014,15.6035,0.2792,27.9243
4,Rep1_Fold4,1,4,MLP,Neural/Kernel,0.792527,0.8521,0.762105,0.854361,0.873462,0.863636,0.765957,0.533742,0.702341,0.798867,27.8782,0.0414,4.1429
5,Rep1_Fold5,1,5,MajorityClass_ZeroRule,Trivial Baseline,0.09365,0.4876,0.0,0.0,1.0,0.0,0.0,0.0,0.0,0.0,0.0026,0.0,0.0
5,Rep1_Fold5,1,5,LogisticRegression,Linear/Probabilistic,0.538784,0.7323,0.56009,0.704334,0.812141,0.803252,0.458333,0.0,0.267559,0.563739,4.0984,0.01,1.0023
5,Rep1_Fold5,1,5,DecisionTree,Tree/Rule-based,0.732516,0.8146,0.702014,0.817608,0.839828,0.8,0.666667,0.539877,0.602007,0.787535,0.6697,0.0093,0.9333
5,Rep1_Fold5,1,5,RandomForest,Ensemble,0.820881,0.8877,0.817925,0.874109,0.924733,0.897561,0.729167,0.509202,0.702341,0.852691,6.3953,0.1469,14.6877
5,Rep1_Fold5,1,5,LightGBM,Ensemble,0.828769,0.8902,0.822096,0.876577,0.925759,0.871545,0.6875,0.576687,0.73913,0.872521,13.5233,0.2753,27.5272
5,Rep1_Fold5,1,5,MLP,Neural/Kernel,0.761628,0.854,0.765328,0.848601,0.885562,0.826016,0.583333,0.521472,0.625418,0.906516,32.0619,0.0394,3.9376
6,Rep2_Fold1,2,1,MajorityClass_ZeroRule,Trivial Baseline,0.09365,0.4876,0.0,0.0,1.0,0.0,0.0,0.0,0.0,0.0,0.0026,0.0,0.0
6,Rep2_Fold1,2,1,LogisticRegression,Linear/Probabilistic,0.54268,0.7296,0.555063,0.6983,0.81009,0.817886,0.468085,0.012195,0.250836,0.560907,3.2462,0.0082,0.8209
6,Rep2_Fold1,2,1,DecisionTree,Tree/Rule-based,0.73438,0.8169,0.706151,0.822545,0.834085,0.806504,0.595745,0.5,0.665552,0.844193,0.6989,0.013,1.2955
6,Rep2_Fold1,2,1,RandomForest,Ensemble,0.809582,0.8927,0.825569,0.873286,0.937654,0.895935,0.680851,0.432927,0.725753,0.849858,5.7077,0.1182,11.8222
6,Rep2_Fold1,2,1,LightGBM,Ensemble,0.826038,0.8991,0.836255,0.881788,0.936423,0.895935,0.617021,0.512195,0.802676,0.866856,12.5245,0.2826,28.2617
6,Rep2_Fold1,2,1,MLP,Neural/Kernel,0.752466,0.8542,0.762558,0.824191,0.916325,0.796748,0.680851,0.378049,0.605351,0.86119,24.3522,0.0356,3.5569
7,Rep2_Fold2,2,2,MajorityClass_ZeroRule,Trivial Baseline,0.09365,0.4876,0.0,0.0,1.0,0.0,0.0,0.0,0.0,0.0,0.0012,0.0005,0.0545
7,Rep2_Fold2,2,2,LogisticRegression,Linear/Probabilistic,0.523362,0.7211,0.542644,0.701042,0.79717,0.78374,0.489362,0.0,0.244147,0.538244,3.6621,0.0096,0.9587
7,Rep2_Fold2,2,2,DecisionTree,Tree/Rule-based,0.739078,0.8195,0.71063,0.828854,0.837162,0.798374,0.680851,0.493902,0.655518,0.824363,0.56,0.0147,1.4734
7,Rep2_Fold2,2,2,RandomForest,Ensemble,0.826715,0.8894,0.820861,0.877126,0.922477,0.902439,0.765957,0.506098,0.73913,0.858357,5.5988,0.1104,11.045
7,Rep2_Fold2,2,2,LightGBM,Ensemble,0.837697,0.8942,0.828943,0.883708,0.920016,0.912195,0.680851,0.567073,0.789298,0.883853,11.0516,0.2452,24.5161
7,Rep2_Fold2,2,2,MLP,Neural/Kernel,0.778942,0.8541,0.763908,0.834888,0.897252,0.856911,0.765957,0.493902,0.668896,0.787535,27.7896,0.0489,4.8892
8,Rep2_Fold3,2,3,MajorityClass_ZeroRule,Trivial Baseline,0.09365,0.4876,0.0,0.0,1.0,0.0,0.0,0.0,0.0,0.0,0.0032,0.0,0.0
8,Rep2_Fold3,2,3,LogisticRegression,Linear/Probabilistic,0.528665,0.7229,0.545107,0.699122,0.801066,0.803571,0.489362,0.0,0.220736,0.538244,3.6928,0.0082,0.816
8,Rep2_Fold3,2,3,DecisionTree,Tree/Rule-based,0.719195,0.8139,0.70076,0.814591,0.844955,0.798701,0.638298,0.539877,0.591973,0.74221,0.6088,0.009,0.9006
8,Rep2_Fold3,2,3,RandomForest,Ensemble,0.81139,0.891,0.822933,0.877126,0.932527,0.904221,0.702128,0.447853,0.658863,0.864023,6.968,0.1512,15.1186
8,Rep2_Fold3,2,3,LightGBM,Ensemble,0.821459,0.8973,0.833442,0.885628,0.933142,0.907468,0.659574,0.521472,0.692308,0.883853,12.8312,0.2801,28.0142
8,Rep2_Fold3,2,3,MLP,Neural/Kernel,0.766285,0.8609,0.774925,0.845858,0.906891,0.829545,0.659574,0.509202,0.551839,0.886686,25.5156,0.0407,4.0715
9,Rep2_Fold4,2,4,MajorityClass_ZeroRule,Trivial Baseline,0.09365,0.4876,0.0,0.0,1.0,0.0,0.0,0.0,0.0,0.0,0.0024,0.0,0.0
9,Rep2_Fold4,2,4,LogisticRegression,Linear/Probabilistic,0.527685,0.725,0.54839,0.700768,0.802297,0.797078,0.468085,0.006135,0.22408,0.572238,3.974,0.0073,0.7292
9,Rep2_Fold4,2,4,DecisionTree,Tree/Rule-based,0.731804,0.8105,0.696142,0.809929,0.830394,0.818182,0.702128,0.527607,0.645485,0.813031,0.6985,0.0102,1.0172
9,Rep2_Fold4,2,4,RandomForest,Ensemble,0.825152,0.8908,0.822605,0.878771,0.92822,0.900974,0.808511,0.447853,0.692308,0.864023,6.5973,0.1781,17.8104
9,Rep2_Fold4,2,4,LightGBM,Ensemble,0.82929,0.8953,0.83017,0.890839,0.926784,0.88961,0.787234,0.453988,0.732441,0.872521,14.4948,0.2892,28.9213
9,Rep2_Fold4,2,4,MLP,Neural/Kernel,0.758179,0.8572,0.768823,0.84147,0.90525,0.793831,0.638298,0.441718,0.662207,0.852691,26.9359,0.0433,4.3327
10,Rep2_Fold5,2,5,MajorityClass_ZeroRule,Trivial Baseline,0.09365,0.4876,0.0,0.0,1.0,0.0,0.0,0.0,0.0,0.0,0.0021,0.0006,0.0563
10,Rep2_Fold5,2,5,LogisticRegression,Linear/Probabilistic,0.542312,0.7221,0.544406,0.69254,0.794504,0.822764,0.458333,0.01227,0.284281,0.586402,4.8878,0.0112,1.1231
10,Rep2_Fold5,2,5,DecisionTree,Tree/Rule-based,0.733451,0.8155,0.70317,0.821174,0.839418,0.806504,0.708333,0.496933,0.615385,0.773371,0.8312,0.0138,1.3818
10,Rep2_Fold5,2,5,RandomForest,Ensemble,0.841187,0.8914,0.824012,0.868623,0.92781,0.918699,0.770833,0.527607,0.785953,0.849858,8.8205,0.1914,19.144
10,Rep2_Fold5,2,5,LightGBM,Ensemble,0.844408,0.896,0.831492,0.876029,0.930886,0.894309,0.770833,0.595092,0.772575,0.883853,14.0248,0.3287,32.8658
10,Rep2_Fold5,2,5,MLP,Neural/Kernel,0.78511,0.8554,0.766392,0.82282,0.901354,0.882927,0.645833,0.564417,0.712375,0.793201,25.0532,0.0332,3.3188
11,Rep3_Fold1,3,1,MajorityClass_ZeroRule,Trivial Baseline,0.09365,0.4876,0.0,0.0,1.0,0.0,0.0,0.0,0.0,0.0,0.0012,0.0,0.0
11,Rep3_Fold1,3,1,LogisticRegression,Linear/Probabilistic,0.544211,0.726,0.551081,0.700494,0.799631,0.819512,0.595745,0.012195,0.267559,0.546742,3.1651,0.0066,0.6629
11,Rep3_Fold1,3,1,DecisionTree,Tree/Rule-based,0.745279,0.8127,0.699714,0.807735,0.836957,0.817886,0.851064,0.493902,0.652174,0.798867,0.5002,0.0085,0.8539
11,Rep3_Fold1,3,1,RandomForest,Ensemble,0.824687,0.8893,0.820262,0.870269,0.928835,0.905691,0.851064,0.420732,0.73913,0.86119,4.6273,0.1054,10.5357
11,Rep3_Fold1,3,1,LightGBM,Ensemble,0.842458,0.8945,0.829141,0.877126,0.928015,0.905691,0.851064,0.518293,0.769231,0.878187,7.8147,0.2012,20.1186
11,Rep3_Fold1,3,1,MLP,Neural/Kernel,0.778735,0.8567,0.769027,0.857652,0.882486,0.866667,0.808511,0.512195,0.628763,0.832861,23.7291,0.0359,3.5944
12,Rep3_Fold2,3,2,MajorityClass_ZeroRule,Trivial Baseline,0.09365,0.4876,0.0,0.0,1.0,0.0,0.0,0.0,0.0,0.0,0.0019,0.0,0.0
12,Rep3_Fold2,3,2,LogisticRegression,Linear/Probabilistic,0.508658,0.7209,0.541971,0.701042,0.796965,0.793496,0.361702,0.006098,0.227425,0.546742,2.9561,0.0105,1.0513
12,Rep3_Fold2,3,2,DecisionTree,Tree/Rule-based,0.737524,0.8204,0.711761,0.829676,0.84434,0.772358,0.787234,0.542683,0.585284,0.810198,0.5641,0.0132,1.3165
12,Rep3_Fold2,3,2,RandomForest,Ensemble,0.821861,0.8915,0.824162,0.876029,0.927605,0.897561,0.702128,0.469512,0.772575,0.864023,4.9062,0.1022,10.2205
12,Rep3_Fold2,3,2,LightGBM,Ensemble,0.83962,0.8956,0.830943,0.879046,0.92781,0.900813,0.808511,0.481707,0.802676,0.895184,9.1461,0.2323,23.2313
12,Rep3_Fold2,3,2,MLP,Neural/Kernel,0.771981,0.8561,0.767748,0.828854,0.898893,0.865041,0.553191,0.567073,0.638796,0.889518,23.6696,0.0501,5.0078
13,Rep3_Fold3,3,3,MajorityClass_ZeroRule,Trivial Baseline,0.09365,0.4876,0.0,0.0,1.0,0.0,0.0,0.0,0.0,0.0,0.0016,0.0,0.0
13,Rep3_Fold3,3,3,LogisticRegression,Linear/Probabilistic,0.541976,0.7245,0.548295,0.701591,0.79799,0.806818,0.510638,0.0,0.240803,0.575071,4.7102,0.0096,0.9646
13,Rep3_Fold3,3,3,DecisionTree,Tree/Rule-based,0.733719,0.8209,0.711651,0.821997,0.849467,0.782468,0.617021,0.595092,0.588629,0.810198,0.6225,0.0136,1.355
13,Rep3_Fold3,3,3,RandomForest,Ensemble,0.840817,0.8922,0.82495,0.870543,0.931911,0.918831,0.829787,0.546012,0.655518,0.889518,6.8983,0.1372,13.7163
13,Rep3_Fold3,3,3,LightGBM,Ensemble,0.841591,0.8952,0.830044,0.877674,0.930476,0.896104,0.744681,0.576687,0.698997,0.92068,15.5472,0.3025,30.2538
13,Rep3_Fold3,3,3,MLP,Neural/Kernel,0.76205,0.8512,0.758521,0.830773,0.900943,0.852273,0.744681,0.441718,0.541806,0.838527,25.3066,0.0407,4.0743
14,Rep3_Fold4,3,4,MajorityClass_ZeroRule,Trivial Baseline,0.09365,0.4876,0.0,0.0,1.0,0.0,0.0,0.0,0.0,0.0,0.0023,0.0,0.0
14,Rep3_Fold4,3,4,LogisticRegression,Linear/Probabilistic,0.521182,0.7203,0.540814,0.705431,0.791838,0.784091,0.425532,0.0,0.270903,0.526912,4.3785,0.0075,0.7535
14,Rep3_Fold4,3,4,DecisionTree,Tree/Rule-based,0.719797,0.8126,0.698906,0.82282,0.83388,0.811688,0.617021,0.503067,0.608696,0.756374,0.6691,0.0102,1.0206
14,Rep3_Fold4,3,4,RandomForest,Ensemble,0.818606,0.8898,0.821105,0.880143,0.925349,0.892857,0.702128,0.490798,0.749164,0.82153,6.7002,0.1372,13.7195
14,Rep3_Fold4,3,4,LightGBM,Ensemble,0.822199,0.9001,0.838059,0.896325,0.929861,0.896104,0.574468,0.552147,0.729097,0.883853,13.7048,0.3292,32.9228
14,Rep3_Fold4,3,4,MLP,Neural/Kernel,0.761177,0.8549,0.766949,0.860943,0.880025,0.780844,0.617021,0.539877,0.752508,0.838527,27.8391,0.0387,3.8705
15,Rep3_Fold5,3,5,MajorityClass_ZeroRule,Trivial Baseline,0.09365,0.4876,0.0,0.0,1.0,0.0,0.0,0.0,0.0,0.0,0.0032,0.0005,0.0549
15,Rep3_Fold5,3,5,LogisticRegression,Linear/Probabilistic,0.550093,0.7328,0.559546,0.687603,0.82137,0.82439,0.479167,0.0,0.230769,0.614731,4.4182,0.009,0.8975
15,Rep3_Fold5,3,5,DecisionTree,Tree/Rule-based,0.730756,0.8175,0.706726,0.816237,0.842494,0.813008,0.625,0.478528,0.652174,0.815864,0.6012,0.0115,1.1524
15,Rep3_Fold5,3,5,RandomForest,Ensemble,0.830427,0.8888,0.819496,0.869446,0.92781,0.907317,0.791667,0.496933,0.715719,0.858357,7.0417,0.1507,15.0695
15,Rep3_Fold5,3,5,LightGBM,Ensemble,0.843035,0.8981,0.83485,0.881788,0.931296,0.925203,0.75,0.558282,0.729097,0.88102,13.1027,0.3507,35.0657
15,Rep3_Fold5,3,5,MLP,Neural/Kernel,0.786254,0.8563,0.767705,0.824191,0.908121,0.817886,0.8125,0.490798,0.692308,0.852691,25.3711,0.0402,4.0173
